type,uri,dutch_prefLabel,definition
activity,https://digitaalerfgoed.poolparty.biz/globalise/006afc30-5bcf-4e2e-bf89-3c5a51a83b80,kleermaker,https://www.zotero.org/groups/4678659/items/AWD4CT6L
activity,https://digitaalerfgoed.poolparty.biz/globalise/00823339-4255-4afc-9849-f7a572dd7427,boekhouder,"[GLOBALISE translation] A person whose occupation it is to keep books for a merchant, company, institution, etc.; usually one of the chief clerks of an office.

Cited from:
Source: https://www.zotero.org/groups/4678659/items/DP3I4H4G
Reference: <i>WNT</i>, n.d.
WNT: M009682
Classified by: definition"
activity,https://digitaalerfgoed.poolparty.biz/globalise/023f455f-53be-42fb-99dc-b052c334e282,wagenrijder,"[GLOBALISE translation] Driver of a cart used to transport loads or goods.

Cited from:
Source: https://www.zotero.org/groups/4678659/items/DP3I4H4G
Reference: <i>WNT</i>, n.d.
WNT: M083474.re.136
Classified by: definition"
activity,https://digitaalerfgoed.poolparty.biz/globalise/0649e440-efbd-483b-9398-ddee9069fb32,snijder,occupation reconciliation
activity,https://digitaalerfgoed.poolparty.biz/globalise/08016980-f030-4bde-9fad-01dfa25dbf68,konstabel,"[GLOBALISE translation] Officer or non-commissioned officer charged with the care of guns and ammunition; supervisor of gunners. In general [...] [or] in particular as an officer's or non-commissioned officer's function on a warship or armed merchant ship.

Cited from:
Source: https://www.zotero.org/groups/4678659/items/DP3I4H4G
Reference: <i>WNT</i>, n.d.
WNT: M034807
Classified by: definition"
activity,https://digitaalerfgoed.poolparty.biz/globalise/0a2567e2-6a47-41a4-9bdd-52fd7fde1271,ambachtsbaas,"[GLOBALISE translation] Someone who, with [...] [their] apprentices under them, practices a craft.

Cited from:
Source: https://www.zotero.org/groups/4678659/items/DP3I4H4G
Reference: <i>WNT</i>, n.d.
WNT: M004820
Classified by: definition"
activity,https://digitaalerfgoed.poolparty.biz/globalise/0ad9f394-23fe-4ea7-8577-52fa325f2620,tapper,occupation reconciliation
activity,https://digitaalerfgoed.poolparty.biz/globalise/0bd65c54-4d73-475c-902e-70767083f86a,stadsherbergier,"[GLOBALISE translation] [Innkeeper in a city inn: a] inn or lodging house owned by the city government and usually leased by it.

Cited from:
Source: https://www.zotero.org/groups/4678659/items/DP3I4H4G
Reference:<i>WNT</i>, n.d.
WNT: M065874
Classified by: definition"
activity,https://digitaalerfgoed.poolparty.biz/globalise/11a28b6c-20e7-49cc-85f5-9f41437e5230,kapitein-ingenieur,"[GLOBALISE translation] Captain of the engineers.

Cited from:
Source: https://www.zotero.org/groups/4678659/items/DP3I4H4G
Reference: <i>WNT</i>, n.d.
WNT: M030266.re.9
Classified by: definition"
activity,https://digitaalerfgoed.poolparty.biz/globalise/1268ca5a-a5be-466f-bf67-4c0e77ed683f,tolheffer,"[GLOBALISE translation] Person who has the right to levy tolls.

Paraphrased from:
Source: https://www.zotero.org/groups/4678659/items/DP3I4H4G
Reference: <i>WNT</i>, n.d.
WNT: M069087.re.50
Classified by: definition"
activity,https://digitaalerfgoed.poolparty.biz/globalise/136052da-7232-489e-b8e0-3efa0f261e70,bombardier,"[GLOBALISE translation] [...] An artilleryman, exclusively intended for operating mortars [...].

Cited from:
Source: https://www.zotero.org/groups/4678659/items/DP3I4H4G
Reference: <i>WNT</i>, n.d.
WNT: M010038
Classified by: definition"
activity,https://digitaalerfgoed.poolparty.biz/globalise/144a424a-4218-46fc-a266-97ff6df08eed,slotenmaker,"[GLOBALISE translation] Someone who makes or repairs locks.

Cited from:
Source: https://www.zotero.org/groups/4678659/items/DP3I4H4G
Reference: <i>WNT</i>, n.d.
WNT: M064263
Classified by: definition"
activity,https://digitaalerfgoed.poolparty.biz/globalise/165a8310-c23a-4265-bb1b-0c661a62c09a,bottelier,"[GLOBALISE translation] Ship's non-commissioned officer, charged with the supervision of provisions and their distribution to the cook and crew.

Cited from:
Source: https://www.zotero.org/groups/4678659/items/DP3I4H4G
Reference: <i>WNT</i>, n.d.
WNT: M010704
Classified by: definition"
activity,https://digitaalerfgoed.poolparty.biz/globalise/1675cc83-a354-4fe5-953a-fb1b7de793cd,draaier,"[GLOBALISE translation] Someone who practices the craft of turning wooden metals, legs or yet other objects.

Cited from:
Source: https://www.zotero.org/groups/4678659/items/DP3I4H4G
Reference: <i>WNT</i>, n.d.
WNT: M014909
Classified by: definition"
activity,https://digitaalerfgoed.poolparty.biz/globalise/16c0ecc0-2b8c-454c-850f-e494d3ca0587,soldaat,"[GLOBALISE translation] Warrior who serves for pay and [...] is distinguished from captain, officer or other ranks [...].

Cited from:
Source: https://www.zotero.org/groups/4678659/items/DP3I4H4G
Reference: <i>WNT</i>, n.d.
WNT: M064924
Classified by: definition"
activity,https://digitaalerfgoed.poolparty.biz/globalise/17ffaa04-4877-490d-8f13-5e17d6e03739,kapitein des armes,"[GLOBALISE translation] Officer of arms: the military equivalent of the ships corporal.

Paraphrased from:
Source: https://www.zotero.org/groups/4678659/items/QAVH2LJW
PP. 59, 102.
Classified on: definition"
activity,https://digitaalerfgoed.poolparty.biz/globalise/1ab129fd-2cb4-4e42-8c13-cab8305cb693,equipagetimmerman,https://www.zotero.org/groups/4678659/items/AWD4CT6L
activity,https://digitaalerfgoed.poolparty.biz/globalise/1e33757e-1993-4d58-a637-6ff9a0e0a0c7,(hoog)bootsman,"[GLOBALISE translation] On warships: Ship's non-commissioned officer, who is charged with the command and supervision of the boatswain's mates and the supervision of the sail and the mainmast; because [...] [the boatswain] remains on deck during manoeuvres, being counted among the deck officers. On merchant ships [...] the captain of the crew and most senior non-commissioned officer. Possibly originally a 'hoog(e)bootsman'.

Cited from:
Source: https://www.zotero.org/groups/4678659/items/DP3I4H4G
Reference: <i>WNT</i>, n.d.
WNT: M010346
Classified by: definition"
activity,https://digitaalerfgoed.poolparty.biz/globalise/1e79bd22-ded4-4f99-b86c-b8d42a168791,baas der scheepstimmermannen,"A ship carpenter who, with their apprentices under them, practices ship carpentry."
activity,https://digitaalerfgoed.poolparty.biz/globalise/1eaba768-49e9-40d9-ae39-78c7b83c1b18,leertouwer,"[GLOBALISE translation] [Comp.] Someone who practices currying as a business: dressing tanned hides (leather) in different ways depending on the type before placing them on the market.

Cited from:
Source: https://www.zotero.org/groups/4678659/items/DP3I4H4G
Reference: <i>WNT</i>, n.d.
Leertouwer: M036628 WNT
Leertouwen: M036627 WNT
Classified by: definition"
activity,https://digitaalerfgoed.poolparty.biz/globalise/2265a79a-2b8f-4fc2-8288-3dd5caf28fd7,Handel en financiën,People whose profession is somehow related to trading and/or the business world.
activity,https://digitaalerfgoed.poolparty.biz/globalise/25e2ccd4-771d-4781-8fe3-90bfa93aeee2,schoolmeester,"[GLOBALISE translation] Someone who heads a school and then: someone who teaches at a school.

Cited from:
Source: https://www.zotero.org/groups/4678659/items/DP3I4H4G
Reference: <i>WNT</i>, n.d.
WNT: M062872
Classified by: definition"
activity,https://digitaalerfgoed.poolparty.biz/globalise/27154617-78de-4d63-983c-19b9bbe7c29a,gegagieerde,"[GLOBALISE translation] [VOC] staff members who, after their discharge from active service, received a certain monthly salary as a pension.

Cited from:
Source: https://www.zotero.org/groups/4678659/items/6C4IC6AJ/
Reference: Marc Kooijmans en Judith Schooneveld-Oosterling. <i>VOC-Glossarium. Verklaringen van termen, verzameld uit de Rijks Geschiedkundige Publicatiën, die betrekking hebben op de Verenigde Oost-Indische Compagnie</i>. The Hague: Instituut voor Nederlandse Geschiedenis, 2000. p. 47.
Classified by: definition"
activity,https://digitaalerfgoed.poolparty.biz/globalise/2777ca03-a162-47eb-9841-a6d2453c9b8e,soldijoverdrager,https://www.zotero.org/groups/4678659/items/VZET2HA6
activity,https://digitaalerfgoed.poolparty.biz/globalise/288ecd84-5e4c-4815-9e62-2359af73c936,meesterknecht der houttuin,https://www.zotero.org/groups/4678659/items/AWD4CT6L
activity,https://digitaalerfgoed.poolparty.biz/globalise/29116153-dc7e-4cfe-bd8b-4afb6af77e7a,kruitmaker,"[GLOBALISE translation] [Person who manufactures gunpowder:] an explosive mixture of saltpetre, charcoal and sulphur, used, among other things, for firing firearms [...].

Cited from:
Source: https://www.zotero.org/groups/4678659/items/DP3I4H4G
Reference: <i>WNT</i>, n.d.
WNT: M035736.re.33
Classified by: definition"
activity,https://digitaalerfgoed.poolparty.biz/globalise/29506bd5-d735-4752-b933-e3f25e677296,baas der huistimmermannen,"A house carpenter who, with their apprentices under them, practices house carpentry."
activity,https://digitaalerfgoed.poolparty.biz/globalise/2b9894b7-d76e-47a1-8c69-35d03c2a55f9,gouverneur (VOC),"[GLOBALISE translation] Title of some heads of regional government, i.e. the administrators of a government.

Cited from:
Source: https://www.zotero.org/groups/4678659/items/DP3I4H4G
Reference: <i>WNT</i>, n.d.
WNT: M021290
Classified by: definition"
activity,https://digitaalerfgoed.poolparty.biz/globalise/2c6294cc-8cf5-4772-a82b-01b89d792b6a,voddenman,https://www.zotero.org/groups/4678659/items/AWD4CT6L
activity,https://digitaalerfgoed.poolparty.biz/globalise/2dae2621-4b15-47d2-8e62-d73889993c51,opperkoopman,"[GLOBALISE translation] The principal merchant on an East India ship or in a settlement of the Dutch East India Company.

Cited from:
Source: https://www.zotero.org/groups/4678659/items/DP3I4H4G
Reference: <i>WNT</i>, n.d.
WNT: M049054.re.200
Classified by: definition"
activity,https://digitaalerfgoed.poolparty.biz/globalise/2db76f64-b3ff-4512-91ad-14c526ffd8bf,blokmaker,"[GLOBALISE translation] [...] [Someone] who makes pulleys and sheaves for tackles.

Cited from:
Source: https://www.zotero.org/groups/4678659/items/DP3I4H4G
Reference: <i>WNT</i>, n.d.
WNT: M009504.re.24
Classified by: definition"
activity,https://digitaalerfgoed.poolparty.biz/globalise/2df8adb4-5c8e-4548-9025-136c0218bba2,klerk,"[GLOBALISE translation] [...] Title of distinguished or important office holders.

Cited from:
Source: https://www.zotero.org/groups/4678659/items/DP3I4H4G
Reference: <i>WNT</i>, n.d.
WNT: M033583
Classified by: definition"
activity,https://digitaalerfgoed.poolparty.biz/globalise/2e4ca5af-47e5-41ff-9a6d-cab3568fd74e,negotieoverdrager,https://www.zotero.org/groups/4678659/items/VZET2HA6
activity,https://digitaalerfgoed.poolparty.biz/globalise/36f4677d-da85-4394-970d-c3e695d0e6d9,geweldige provoost,"[GLOBALISE translation] Police official in the army, charged with establishing discipline, arresting and supervising prisoners.

Cited from:
Source: https://www.zotero.org/groups/4678659/items/DP3I4H4G
Reference: <i>WNT</i>, n.d.
WNT: M020027
Classified by: definition"
activity,https://digitaalerfgoed.poolparty.biz/globalise/39db5c6e-4303-4ee2-875a-4a1fbc191fea,timmerman,"[GLOBALISE translation] Someone who practices carpentry as a profession, either as a master or as an apprentice.

Cited from:
Source: https://www.zotero.org/groups/4678659/items/DP3I4H4G
Reference:<i>WNT</i>, n.d.
WNT: M068481
Classified by: definition"
activity,https://digitaalerfgoed.poolparty.biz/globalise/3ad3d72f-29d1-443a-9908-5df26e655715,schipper,"[GLOBALISE translation] Captain of a ship.

Cited from:
Source: https://www.zotero.org/groups/4678659/items/DP3I4H4G
Reference: <i>WNT</i>, n.d.
WNT: M062745
Classified by: definition"
activity,https://digitaalerfgoed.poolparty.biz/globalise/3ae82133-0f96-4eb4-9d5c-4bbc1acc0d77,onderchirurgijn,The surgeon who is lower in rank than the chief surgeon.
activity,https://digitaalerfgoed.poolparty.biz/globalise/3bb3db3d-c394-4810-bbf8-9d530a8ce1b8,eerste pakhuismeester,occupation reconciliation
activity,https://digitaalerfgoed.poolparty.biz/globalise/418c96f5-9544-4dc8-ad88-924615139aff,tamboer,"[GLOBALISE translation] Someone whose job it is to beat the drum, especially in the military; drummer.

Cited from:
Source: https://www.zotero.org/groups/4678659/items/DP3I4H4G
Reference: <i>WNT</i>, n.d.
WNT: M067678
Classified by: definition"
activity,https://digitaalerfgoed.poolparty.biz/globalise/45598da5-1a81-436e-939c-80f064ea0043,koopman,"[GLOBALISE translation] The official on board merchant ships [...] charged with the management of commercial affairs [...].

Cited from:
Source: https://www.zotero.org/groups/4678659/items/DP3I4H4G
Reference: <i>WNT</i>, n.d.
WNT: M034874
Classified by: definition"
activity,https://digitaalerfgoed.poolparty.biz/globalise/47667845-ee0f-4a1a-a0a9-aa59d382fd88,kuiper,"[GLOBALISE translation] Someone who practices the making of tubs, barrels, etc., cooperage, as a craft.

Cited from:
Source: https://www.zotero.org/groups/4678659/items/DP3I4H4G
Reference: <i>WNT</i>, n.d.
WNT: M035794 
Classified by: definition"
activity,https://digitaalerfgoed.poolparty.biz/globalise/477a9da7-ec33-450a-82d8-fae9228c2b6d,boorder,"[GLOBALISE translation] Someone whose job it is to drill.

Cited from:
Source: https://www.zotero.org/groups/4678659/items/DP3I4H4G
Reference: <i>WNT</i>, n.d.
WNT: M010279
Classified by: definition"
activity,https://digitaalerfgoed.poolparty.biz/globalise/49d69101-6f46-4474-bb46-9952287a430c,mandoer,"Ploegbaas, opzichter, meesterknecht, vaak van Aziatische origine.

Geparafraseerd uit: 
Bron: https://www.zotero.org/groups/4678659/items/DP3I4H4G
Referentie: <i>WNT</i>, n.d.
WNT: A010442
Geclassificeerd op: definitie"
activity,https://digitaalerfgoed.poolparty.biz/globalise/4ba187c0-6a1f-44fb-b6b1-4690736b9e9b,pakhuismeester,"[GLOBALISE translation] Warehouse supervisor; also specifically as a designation of an official of the Dutch East India Company [...].

Cited from:
Source: https://www.zotero.org/groups/4678659/items/DP3I4H4G
Reference: <i>WNT</i>, n.d.
WNT: M052009.re.10
Classified by: definition"
activity,https://digitaalerfgoed.poolparty.biz/globalise/4bc038c6-2338-4b98-a350-5a4091f04e9a,lademaker,"[GLOBALISE translation] Someone who makes the hollowed-out part in which the barrel of a firearm rests; this includes both portable firearms and cannons.

Paraphrased from:
Source: https://www.zotero.org/groups/4678659/items/DP3I4H4G
Reference: <i>WNT</i>, n.d.
WNT: M036182.re.10
Classified by: definition"
activity,https://digitaalerfgoed.poolparty.biz/globalise/4c532d32-8616-4b99-bf07-ee18c57e68db,winkelier,"[GLOBALISE translation] [...] [Someone] who runs a shop; owner or manager of a shop.

Cited from:
Source: https://www.zotero.org/groups/4678659/items/DP3I4H4G
Reference: <i>WNT</i>, n.d.
WNT: M086660
Classified by: definition"
activity,https://digitaalerfgoed.poolparty.biz/globalise/4dd85824-93db-4027-881b-e4db2bccf4a3,eerste tolk,occupation reconciliation
activity,https://digitaalerfgoed.poolparty.biz/globalise/4f214718-3dbb-47c0-9209-b3408c5e173b,soldijboekhouder (VOC),"[GLOBALISE translation] Bookkeeper responsible for the pay: the wage for the VOC personnel.

Paraphrased from:
Source: https://www.zotero.org/groups/4678659/items/IBZ39RG3
Reference: Frank Lequin, Het personeel van de Verenigde Oost-Indische Compagnie in Azië in de 18e eeuw, meer in het bijzonder in de vestiging Bengalen (second edition; Alphen aan den Rijn 2005) 30.
Classified by: definition"
activity,https://digitaalerfgoed.poolparty.biz/globalise/5057771e-88ce-4cbd-9421-9fe49efd3907,boekbinder,"[GLOBALISE translation] Someone whose craft is to bind books, sew them in and so on.

Cited from:
Source: https://www.zotero.org/groups/4678659/items/DP3I4H4G
Reference: <i>WNT</i>, n.d.
WNT: M009650
Classified by: definition"
activity,https://digitaalerfgoed.poolparty.biz/globalise/557b7426-c16a-44ef-90c7-07bb332a9d64,onderkruitmaker,The gun powder maker who is lower in rank than the master gun powder maker.
activity,https://digitaalerfgoed.poolparty.biz/globalise/59dc2e0f-4aac-4a2a-a718-98df13257bfc,bode,"[GLOBALISE translation] Someone whose profession is to convey messages [...].

Cited from:
Source: https://www.zotero.org/groups/4678659/items/DP3I4H4G
Reference: <i>WNT</i>, n.d.
WNT: M009585
Classified by: definition"
activity,https://digitaalerfgoed.poolparty.biz/globalise/5d15eed5-e324-4783-a552-b9abaf8b6a88,handlanger,"[GLOBALISE translation] Sailor who must assist in the operation of the guns [...].

Cited from:
Source: https://www.zotero.org/groups/4678659/items/DP3I4H4G
Reference: <i>WNT</i>, n.d.
WNT: M023849
Classified by: definition"
activity,https://digitaalerfgoed.poolparty.biz/globalise/5e309e88-1815-49b8-a2ee-3ed890cb2f0b,trompetter,"[GLOBALISE translation] Trumpeter; specifically someone who has been ordered by an authority figure or by the government to make oneself heard on certain occasions (especially in military contexts).

Cited from:
Source: https://www.zotero.org/groups/4678659/items/DP3I4H4G
Reference: <i>WNT</i>, n.d.
WNT: M070695
Classified by: definition"
activity,https://digitaalerfgoed.poolparty.biz/globalise/5e607dfd-624a-4f9c-911f-8bcf82eb94ca,kanonnier,"[GLOBALISE translation] The name for the troops who operate a cannon [...].

Cited from:
Source: https://www.zotero.org/groups/4678659/items/DP3I4H4G
Reference: <i>WNT</i>, n.d.
WNT: M030081
Classified by: definition"
activity,https://digitaalerfgoed.poolparty.biz/globalise/6130793a-92c3-48cc-98ab-d97f178d2272,luitenant-ingenieur,"[GLOBALISE translation] Lieutenant in the engineers.

Cited from:
Source: https://www.zotero.org/groups/4678659/items/DP3I4H4G
Reference: <i>WNT</i>, n.d.
WNT: M037982.re.18
Classified by: definition"
activity,https://digitaalerfgoed.poolparty.biz/globalise/61ba65d7-3405-44f1-85bb-593d4bf175ac,kapitein-luitenant,"[GLOBALISE translation] The person who performed duties for the captain of a company, and who was therefore the captain's deputy. This could be in the army as well as on a warship.

Paraphrased from:
Source: https://www.zotero.org/groups/4678659/items/DP3I4H4G
Reference: <i>WNT</i>, n.d.
WNT: M037982
Classified by: definition"
activity,https://digitaalerfgoed.poolparty.biz/globalise/654215d6-dd47-48d2-96a7-36e469d613e8,adjudant,"[GLOBALISE translation] Designation of an officer [...] placed with a chief officer, to assist in matters of service, in particular to convey messages or orders.

Cited from:
Source: https://www.zotero.org/groups/4678659/items/DP3I4H4G
Reference: <i>WNT</i>, n.d.
WNT: M001812
Classified by: definition"
activity,https://digitaalerfgoed.poolparty.biz/globalise/65e33977-9fd4-4d97-8aa4-ad468276a0ad,ingenieur,"[GLOBALISE translation] A person [...] who possesses the skills required to design and execute, as well as to attack or defend, the various works required for the attack, defense, or consolidation of fortified places.

Cited from:
Source: https://www.zotero.org/groups/4678659/items/DP3I4H4G
Reference: <i>WNT</i>, n.d.
WNT: M027496
Classified by: definition"
activity,https://digitaalerfgoed.poolparty.biz/globalise/65fe3b47-9aa1-41ab-9b7e-64bf0bc0fb2b,steenhouwer,"[GLOBALISE translation] A person who works stone more or less artfully by cutting (with a hammer and chisel).

Cited from:
Source: https://www.zotero.org/groups/4678659/items/DP3I4H4G
Reference: <i>WNT</i>, n.d.
WNT: M066318
Classified by: definition"
activity,https://digitaalerfgoed.poolparty.biz/globalise/67f257b3-6faa-435a-b269-71814f6cce06,onderkoopman,"[GLOBALISE translation] The merchant who, on board a VOC ship, ranks below the skipper and chief merchant.

Paraphrased from:
Source: https://www.zotero.org/groups/4678659/items/DP3I4H4G
Reference: <i>WNT</i>, n.d.
WNT: M043474
Classified by: definition"
activity,https://digitaalerfgoed.poolparty.biz/globalise/6903e44f-e1cd-4977-b4f2-10ed1d7d4935,lascorijn,"(Perz. lashkar: leger, kamp): inlandse soldaat, o.a. ook als boodschapper, (gerechts)bode en houtsleper werkzaam; vgl. araatje, cangaan

Cited from: Hovy, L., Ceylonees plakkaatboek: Plakkaten en andere wetten uitgevaardigd door het Nederlands bestuur op Ceylon, 1638–1796, 2 vols. (Hilversum: Verloren, 1991)

Source: https://www.zotero.org/groups/4678659/globalise/collections/NCZ9HPW6/items/38CQPEPQ/collection"
activity,https://digitaalerfgoed.poolparty.biz/globalise/6991e643-9600-4308-b67c-a33a1f0df911,Regering en bestuur,"[GLOBALISE translation] [Comp.] Anyone whose profession relates to the exercise of government authority, public administration, and/or who alone or with others exercises an administration, in particular over an institution, a company, an organization, etc.

Paraphrased from:
Source: https://www.zotero.org/groups/4678659/items/DP3I4H4G
Reference: <i>WNT</i>, n.d.
Regering: M058204 WNT
Bestuurder: M007903 WNT
Classified by: definition"
activity,https://digitaalerfgoed.poolparty.biz/globalise/6a0debb0-eec8-4e2c-804b-aa92f669e987,smid,"[GLOBALISE translation] Craftsman who works iron (and sometimes other metals) with a hammer (and other tools).

Cited from:
Source: https://www.zotero.org/groups/4678659/items/DP3I4H4G
Reference: <i>WNT</i>, n.d.
WNT: M064471
Classified by: definition"
activity,https://digitaalerfgoed.poolparty.biz/globalise/75133e93-7106-46f1-80c1-d0ac9e8cca9b,pijper,"[GLOBALISE translation] Someone who pipes, who blows on the flute or another musical instrument, and hence also in general: musician.

Cited from:
Source: https://www.zotero.org/groups/4678659/items/DP3I4H4G
Reference: <i>WNT</i>, n.d.
WNT: M053668
Classified by: definition"
activity,https://digitaalerfgoed.poolparty.biz/globalise/75bcec97-3a67-4d2a-b683-9c65d093b8ba,geelgieter,"[GLOBALISE translation] Craftsman or manufacturer who produces cast goods from yellow copper or brass.

Cited from:
Source: https://www.zotero.org/groups/4678659/items/DP3I4H4G
Reference: <i>WNT</i>, n.d.
WNT: M017808
Classified by: definition"
activity,https://digitaalerfgoed.poolparty.biz/globalise/767c8372-1a38-441e-a049-8bbdf0ff9138,weesmoeder,"[GLOBALISE translation] [...] Orphanage manager, she who is in charge of an orphanage ('binnenmoeder') or she who is on the board of an orphanage but does not live there ('buitenmoeder').

Cited from:
Source: https://www.zotero.org/groups/4678659/items/DP3I4H4G
Reference: <i>WNT</i>, n.d.
WNT: M084767.re.62
Classified by: definition"
activity,https://digitaalerfgoed.poolparty.biz/globalise/787175af-18c5-41fa-9e94-f36404eb35c1,baas der smidswinkel,"A smith who, with their apprentices under them, practices forging."
activity,https://digitaalerfgoed.poolparty.biz/globalise/7935a492-5f24-46eb-96a4-cfdc77be3ff1,eerste klerk,occupation reconciliation
activity,https://digitaalerfgoed.poolparty.biz/globalise/79625d75-5030-40c4-990f-b42e6e03118c,koster,"[GLOBALISE translation] Church officer who, with or without a sexton, is charged with the daily care of the church building and the church service.

Cited from:
Source: https://www.zotero.org/groups/4678659/items/DP3I4H4G
Reference: <i>WNT</i>, n.d.
WNT: M035151
Classified by: definition"
activity,https://digitaalerfgoed.poolparty.biz/globalise/7b442af4-e0a9-43ae-bd5d-426375e908ff,ondertolk,The interpreter who is lower in rank than the chief interpreter.
activity,https://digitaalerfgoed.poolparty.biz/globalise/7b602537-f199-462b-9d65-66f9f2e29471,stuurman,"[GLOBALISE translation] Ship's officer charged with the supervision of steering and in general with the supervision and care of navigation, often also with other activities, e.g. supervision of loading.

Cited from:
Source: https://www.zotero.org/groups/4678659/items/DP3I4H4G
Reference: <i>WNT</i>, n.d.
WNT: M067274
Classified by: definition"
activity,https://digitaalerfgoed.poolparty.biz/globalise/7cc9efe5-8e46-43df-ac5f-fff5ea40d9a5,gerechtsbode,"[GLOBALISE translation] A messenger in the service of the court; a bailiff.

Cited from:
Source: https://www.zotero.org/groups/4678659/items/DP3I4H4G
Reference:<i>WNT</i>, n.d.
WNT: M019263
Classified by: definition"
activity,https://digitaalerfgoed.poolparty.biz/globalise/7e6455e8-c8da-41a5-83b6-db8fed82eadd,soldaat bij de pen,https://www.zotero.org/groups/4678659/items/AWD4CT6L
activity,https://digitaalerfgoed.poolparty.biz/globalise/7ee02dec-67d9-4379-8ac5-81da325b6322,huisvrouw,occupation reconciliation
activity,https://digitaalerfgoed.poolparty.biz/globalise/7ff84cfe-8f82-4afc-a638-2887675635ea,onderstuurman,"[GLOBALISE translation] The person next in rank and service to the helmsman.

Cited from:
Source: https://www.zotero.org/groups/4678659/items/DP3I4H4G
Reference: <i>WNT</i>, n.d.
WNT: M043716
Classified by: definition"
activity,https://digitaalerfgoed.poolparty.biz/globalise/80219559-083b-4ce7-8a6a-2414db3eeb74,sergeant,"[GLOBALISE translation] Non-commissioned officer of the lowest rank.

Cited from:
Source: https://www.zotero.org/groups/4678659/items/DP3I4H4G
Reference: <i>WNT</i>, n.d.
WNT: M063515
Classified by: definition"
activity,https://digitaalerfgoed.poolparty.biz/globalise/804d05ef-dac2-4952-a4de-45a0e4d555b9,voorlezer,"[GLOBALISE translation] [...] [Someone] who is appointed to read out Bible passages or other texts with religious content (or in some other way concerning religion) at the appropriate times, or (among Protestants) sometimes also to sing the psalm texts. In particular as a name for an official function in Protestant churches.

Cited from:
Source: https://www.zotero.org/groups/4678659/items/DP3I4H4G
Reference: <i>WNT</i>, n.d.
WNT: M081942
Classified by: definition"
activity,https://digitaalerfgoed.poolparty.biz/globalise/8130bce4-7f24-4c65-9b60-30e798036642,vaandrig,"[GLOBALISE translation] Orig. in the infantry: young officer, usually of high birth, who carried the company's standard.

Cited from:
Source: https://www.zotero.org/groups/4678659/items/DP3I4H4G
Reference: <i>WNT</i>, n.d.
WNT: M072982
Classified by: definition"
activity,https://digitaalerfgoed.poolparty.biz/globalise/8130bce4-7f24-4c65-9b60-30e798036647,,
activity,https://digitaalerfgoed.poolparty.biz/globalise/8130bce4-7f24-4c65-9b60-30e798036648,,
activity,https://digitaalerfgoed.poolparty.biz/globalise/81cdd4de-8ae1-4920-910b-a16fa02a70d7,baas der houttuinen,"[comp.]

Beheerder of leidinggevende van de houttuin, een ""omheinde bewaarplaats voor hout"".

Geciteerd uit:
Bron: https://www.zotero.org/groups/4678659/items/DP3I4H4G
Referentie: WNT, n.d.
WNT: M026739
Geclassificeerd op: definitie"
activity,https://digitaalerfgoed.poolparty.biz/globalise/8564df2f-c059-4567-851d-a5682b918e56,zeilmaker,"[GLOBALISE translation] Craftsman who (primarily) makes and repairs ship sails.

Cited from:
Source: https://www.zotero.org/groups/4678659/items/DP3I4H4G
Reference:<i>WNT</i>, n.d.
WNT: M088400
Classified by: definition"
activity,https://digitaalerfgoed.poolparty.biz/globalise/88e78124-cbb2-4602-bff7-64cf09bf1f49,translateur,"[GLOBALISE translation] [...] Person who, specifically appointed for that purpose, provides translation services, both written and oral; translator or interpreter.

Cited from:
Source: https://www.zotero.org/groups/4678659/items/DP3I4H4G
Reference: <i>WNT</i>, n.d.
WNT: M069816
Classified by: definition"
activity,https://digitaalerfgoed.poolparty.biz/globalise/8a5461f8-15be-4966-9449-5dd83958e4a4,Contractant,"Iemand die op een contract werkt, een schriftelijke, rechtsgeldige overeenkomst, waarbij twee of meer partijen zich wederkeerig verbinden.

Geparafraseerd uit:
Bron: https://www.zotero.org/groups/4678659/items/DP3I4H4G
Referentie: <i>WNT</i>, n.d.
WNT: A003247"
activity,https://digitaalerfgoed.poolparty.biz/globalise/8fa7f70c-ca18-42e9-b915-0be30e3ce660,chirurgijn,"[GLOBALISE translation] Surgeon, i.e. someone who is only authorized to practice the art of surgery, not the art of medicine as a whole. The social position of a surgeon (often also a barber) was lower than that of a physician.

Cited from:
Source: https://www.zotero.org/groups/4678659/items/DP3I4H4G
Reference: <i>WNT</i>, n.d.
WNT: M012670
Classified by: definition"
activity,https://digitaalerfgoed.poolparty.biz/globalise/90f5e4bc-a897-499b-96fe-63f63dcdbd68,lanspassaat,"[GLOBALISE translation] [...] The name for a non-commissioned officer, lower in rank than a corporal.

Cited from:
Source: https://www.zotero.org/groups/4678659/items/DP3I4H4G
Reference: <i>WNT</i>, n.d.
WNT: M036357
Classified by: definition"
activity,https://digitaalerfgoed.poolparty.biz/globalise/921c71bd-61f6-41c0-a8b3-5b760004ae74,sergeant van de burgerij,"[GLOBALISE translation] [Sergeant of the] armed civil guard, a citizen militia.

Cited from:
Source: https://www.zotero.org/groups/4678659/items/DP3I4H4G
Reference: <i>WNT</i>, n.d.
WNT: M030266
Classified by: definition"
activity,https://digitaalerfgoed.poolparty.biz/globalise/97dc1d81-9045-4632-b23f-643e29281c05,balkmeter,"[GLOBALISE translation] Someone whose profession is measuring beams.

Paraphrased from:
Source: https://www.zotero.org/groups/4678659/items/DP3I4H4G
Reference: <i>WNT</i>, n.d.
WNT: M039150
Classified by: definition"
activity,https://digitaalerfgoed.poolparty.biz/globalise/9818e686-ec0b-4288-ab89-1d6d4057add0,commandeur,"[GLOBALISE translation] An officer's rank in the navy, between that of captain and rear admiral. A commodore commanded part of a squadron.

Cited from:
Source: https://www.zotero.org/groups/4678659/items/DP3I4H4G
Reference: <i>WNT</i>, n.d.
WNT: M012790
Classified by: definition"
activity,https://digitaalerfgoed.poolparty.biz/globalise/9818e686-ec0b-4288-ab89-1d6d4057add6,,
activity,https://digitaalerfgoed.poolparty.biz/globalise/98815532-3228-4bd4-881f-f60135307591,koperslager,"[GLOBALISE translation] Craftsman who makes objects of hammered copper.

Cited from:
Source: https://www.zotero.org/groups/4678659/items/DP3I4H4G
Reference: <i>WNT</i>, n.d.
WNT: M034924.re.134
Classified by: definition"
activity,https://digitaalerfgoed.poolparty.biz/globalise/99bce3ec-1673-459a-93a8-a335a1a612dc,baas der kruitmakers,"A gunpower maker who, with their apprentices under them, practices gunpowder making."
activity,https://digitaalerfgoed.poolparty.biz/globalise/99d699fc-f25f-4e65-979e-760f49c8f854,meesterknecht der scheepstimmerwerf,The chief apprentice of the shipyard.
activity,https://digitaalerfgoed.poolparty.biz/globalise/9abf0fbc-7b6e-4c2a-9a5c-5ec000d04875,mocuddum,"Hoofdman.

Geciteerd uit:
Bron: https://www.zotero.org/groups/4678659/items/6C4IC6AJ/
Referentie: Marc Kooijmans en Judith Schooneveld-Oosterling. <i>VOC-Glossarium. Verklaringen van termen, verzameld uit de Rijks Geschiedkundige Publicatiën, die betrekking hebben op de Verenigde Oost-Indische Compagnie</i>. Den Haag: Instituut voor Nederlandse Geschiedenis, 2000. p. 76.
Geclassificeerd op: definitie"
activity,https://digitaalerfgoed.poolparty.biz/globalise/9ca4bb09-7ef9-4867-b979-737745e6cfe3,kassier,"[GLOBALISE translation] [...] [The person] who (for someone etc.) is in charge of the cash box, who is in charge of receipts and expenditures; the cashier.

Cited from:
Source: https://www.zotero.org/groups/4678659/items/DP3I4H4G
Reference: <i>WNT</i>, n.d.
WNT: M030710
Classified by: definition"
activity,https://digitaalerfgoed.poolparty.biz/globalise/9f575ccf-35e5-433b-baf0-b68adb25be66,jong koopmansassistent,https://www.zotero.org/groups/4678659/items/3Y86C5R6
activity,https://digitaalerfgoed.poolparty.biz/globalise/a0540441-f680-4b50-bdef-8c37202e14c0,stadsoppermeester,occupation reconciliation
activity,https://digitaalerfgoed.poolparty.biz/globalise/a1b2a920-2427-4207-beec-a0505d532aca,fiscaal (VOC),"[GLOBALISE translation] [Comp.] Supervisor of the maintenance of public order and public prosecutor. As public prosecutor the 'fiscaal' had to bring all punishable civil and criminal cases before the Council of Justice.

Paraphrased from:
Source: https://www.zotero.org/groups/4678659/items/6C4IC6AJ/ 
Reference: Marc Kooijmans en Judith Schooneveld-Oosterling. <i>VOC-Glossarium. Verklaringen van termen, verzameld uit de Rijks Geschiedkundige Publicatiën, die betrekking hebben op de Verenigde Oost-Indische Compagnie</i>. The Hague: Instituut voor Nederlandse Geschiedenis, 2000. p. 44.
Classified by: definition

Paraphrased from:
Source: https://www.zotero.org/groups/4678659/items/IBZ39RG3
Reference: Frank Lequin, Het personeel van de Verenigde Oost-Indische Compagnie in Azië in de 18e eeuw, meer in het bijzonder in de vestiging Bengalen (second edition; Alphen aan den Rijn 2005) 156. 
Classified by: definition"
activity,https://digitaalerfgoed.poolparty.biz/globalise/a296fe15-7354-4430-99ee-37dcd3e5ad47,directeur,"[GLOBALISE translation] Person charged with the (main) management of a company, institution or facility, or with any management.

Cited from:
Source: https://www.zotero.org/groups/4678659/items/DP3I4H4G
Reference: <i>WNT</i>, n.d.
WNT: M013678
Classified by: definition"
activity,https://digitaalerfgoed.poolparty.biz/globalise/a29a36b8-5d0c-4bf5-96d0-11e9bf8f4a91,meesterknecht der huistimmerlieden,https://www.zotero.org/groups/4678659/items/AWD4CT6L
activity,https://digitaalerfgoed.poolparty.biz/globalise/a49b6212-d030-40dc-a105-0c9170b2d75f,majoor,"[GLOBALISE translation] [...] Name for a non-commanding chief officer in a garrison town or fortress, charged with administrative care for the service [...].

Cited from:
Source: https://www.zotero.org/groups/4678659/items/DP3I4H4G
Reference: <i>WNT</i>, n.d.
WNT: M038256
Classified by: definition"
activity,https://digitaalerfgoed.poolparty.biz/globalise/a4c3d0f5-2882-4799-bf1e-2a34376f26bb,tweede pakhuismeester,occupation reconciliation
activity,https://digitaalerfgoed.poolparty.biz/globalise/a5b7bdd4-8969-4430-81a7-4e3b84872e71,glazenmaker,"[GLOBALISE translation] Craftsman who [makes glass objects,] installs window panes, who repairs broken window panes, that is, replaces them with others.

Cited from:
Source: https://www.zotero.org/groups/4678659/items/DP3I4H4G
Reference: <i>WNT</i>, n.d.
WNT: M020530
Classified by: definition"
activity,https://digitaalerfgoed.poolparty.biz/globalise/a685bd45-e04b-4e34-bc8d-2db94382a062,portier,"[GLOBALISE translation] Gatekeeper.

Cited from:
Source: https://www.zotero.org/groups/4678659/items/DP3I4H4G
Reference: <i>WNT</i>, n.d.
WNT: M055522
Classified by: definition"
activity,https://digitaalerfgoed.poolparty.biz/globalise/a96d8f2c-5652-44e2-bb83-03fbb779bf4b,organist,occupation reconciliation
activity,https://digitaalerfgoed.poolparty.biz/globalise/a9c41960-a8b5-4e96-95bb-68f8f22e35ef,scheepstimmerman,"[GLOBALISE translation] Someone whose trade is to build wooden ships.

Cited from:
Source: https://www.zotero.org/groups/4678659/items/DP3I4H4G
Reference:<i>WNT</i>, n.d.
WNT: M062390
Classified by: definition"
activity,https://digitaalerfgoed.poolparty.biz/globalise/ab31d1d3-1a65-45f3-996a-eae7edc3e17b,luitenant van de burgerij,"[GLOBALISE translation] [Deputy of the captain of the civic guard, of the] commander of an armed civil guard, a citizen militia.

Cited from:
Source: https://www.zotero.org/groups/4678659/items/DP3I4H4G
Reference: <i>WNT</i>, n.d.
WNT: M030266
Classified by: definition"
activity,https://digitaalerfgoed.poolparty.biz/globalise/ad5a4772-a85d-4438-98c4-844908a4e0bf,strandwachter,"[GLOBALISE translation] [...] [Someone] who keeps watch, performs guard duties [on the beach] [...].

Cited from:
Source: https://www.zotero.org/groups/4678659/items/DP3I4H4G
Reference: <i>WNT</i>, n.d.
WNT: M083429
Classified by: definition"
activity,https://digitaalerfgoed.poolparty.biz/globalise/ad5c6223-77a7-47da-95f3-2f5025dcc918,belastingpachter,"[GLOBALISE translation] [...] [Person] who, in return for payment of an annual sum, purchases the right to collect taxes, duties, excises, etc.

Cited from:
Source: https://www.zotero.org/groups/4678659/items/DP3I4H4G
Reference: <i>WNT</i>, n.d.
WNT: M051937
Classified by: definition"
activity,https://digitaalerfgoed.poolparty.biz/globalise/b3bd3585-d073-4a96-b380-80c6309d46ff,maker,occupation reconciliation
activity,https://digitaalerfgoed.poolparty.biz/globalise/b5de8b5d-45ac-492f-832e-42af2b0e30b3,pennist (VOC),"[GLOBALISE translation] Someone who uses a pen, clerk, writer, etc. Especially as a name for civil servants of the Dutch East India Company, or as it was called ""of the pen"", in contrast to those who served in the military and navy.

Cited from:
Source: https://www.zotero.org/groups/4678659/items/DP3I4H4G
Reference: <i>WNT</i>, n.d.
WNT: M052924
Classified by: definition"
activity,https://digitaalerfgoed.poolparty.biz/globalise/b860f035-5766-44ba-a257-9b3f320e20c1,jong bootsgezel,https://www.zotero.org/groups/4678659/items/3Y86C5R6
activity,https://digitaalerfgoed.poolparty.biz/globalise/b9f45597-916b-4311-b3e9-a018e0c0391f,luitenant,"[GLOBALISE translation] [...] [Person] who, in the absence of a higher authority [...] takes their place and fulfills their function [...].

Cited from:
Source: https://www.zotero.org/groups/4678659/items/DP3I4H4G
Reference: <i>WNT</i>, n.d.
WNT: M037982
Classified by: definition"
activity,https://digitaalerfgoed.poolparty.biz/globalise/ba5cf967-469f-4fd8-adbd-c3ef77cb3e7f,equipagemeester,"[GLOBALISE translation] Official in charge of the management of the equipment of ships.

Cited from:
Source: https://www.zotero.org/groups/4678659/items/DP3I4H4G
Reference: <i>WNT</i>, n.d.
WNT: M016009.re.4
Classified by: definition"
activity,https://digitaalerfgoed.poolparty.biz/globalise/bb8a47ab-db0f-44c1-9997-9eb4049289ad,meesterknecht der smidswinkel,The chief apprentice of the smith's shop.
activity,https://digitaalerfgoed.poolparty.biz/globalise/be09705a-257c-4cb7-8fb3-5176d75cbf44,vlaggeman,"[GLOBALISE translation] [...] [The person] who flies the flag as commander, flag officer.

Cited from:
Source: https://www.zotero.org/groups/4678659/items/DP3I4H4G
Reference: <i>WNT</i>, n.d.
WNT: M080641
Classified by: definition"
activity,https://digitaalerfgoed.poolparty.biz/globalise/c01a73e3-491f-4146-9d41-d509beb08de6,meesterknecht der fortificatie,https://www.zotero.org/groups/4678659/items/AWD4CT6L
activity,https://digitaalerfgoed.poolparty.biz/globalise/c2651933-5dbf-4603-ad90-786fa3e79566,maat,"[GLOBALISE translation] Someone who assists another as a helper, also in particular as a ship's term, i.e. in combination as boatswain's mate, steward's mate, cook's mate, second boatswain's mate and the like.

Cited from:
Source: https://www.zotero.org/groups/4678659/items/DP3I4H4G
Reference: <i>WNT</i>, n.d.
WNT: M038167
Classified by: definition"
activity,https://digitaalerfgoed.poolparty.biz/globalise/c864b7ce-158f-4f03-83fd-e1948af93232,assistent,"Een min of meer ondergeschikte helper.

Bron: https://www.zotero.org/groups/4678659/items/DP3I4H4G
Referentie: <i>WNT</i>, n.d.
WNT: M004535
Geclassificeerd op: definitie"
activity,https://digitaalerfgoed.poolparty.biz/globalise/cb5db7b1-6411-4240-875d-57fa0dc8f675,oppergebieder,"[GLOBALISE translation] The person who holds the supreme authority.

Cited from:
Source: https://www.zotero.org/groups/4678659/items/DP3I4H4G
Reference: <i>WNT</i>, n.d.
WNT: M049066
Classified by: definition"
activity,https://digitaalerfgoed.poolparty.biz/globalise/ce52052a-01d3-4cda-a2ab-307255e0e097,predikant,"[GLOBALISE translation] In Protestant churches, the title of the person charged with the ministry of the Gospel and with the pastoral care of the congregation, [...] [over which the preacher] is in charge. [The Dutch form of address for a preacher is ‘dominee’.]

Cited from:
Source: https://www.zotero.org/groups/4678659/items/DP3I4H4G
Reference: <i>WNT</i>, n.d.
WNT: M055853
Defined by: definition"
activity,https://digitaalerfgoed.poolparty.biz/globalise/cea470cc-a070-469f-9628-88220eef2964,baas der fortificatie,"[comp.]

Beheerder of leidinggevende van (de aanleg van) fortificatie.

Geparafraseerd uit:
Bron: https://www.zotero.org/groups/4678659/items/DP3I4H4G
Referentie: WNT, n.d.
WNT: M016860
Geclassificeerd op: definitie"
activity,https://digitaalerfgoed.poolparty.biz/globalise/cfcdda32-0f76-4cbf-b8ba-d52991ae0791,matroos,"[GLOBALISE translation] A sailor of the lowest rank, either on a warship or a merchant ship. Sometimes equated with a seaman, but sometimes the latter has a broader meaning.

Cited from:
Source: https://www.zotero.org/groups/4678659/items/DP3I4H4G
Reference: <i>WNT</i>, n.d.
WNT: M038607
Classified by: definition"
activity,https://digitaalerfgoed.poolparty.biz/globalise/d4a9fb53-2bcf-4e91-b156-a548cbb54ec3,bakker,"Iemand die zijn beroep maakt van brood (ook wel beschuit, koek enz.) te bakken.

Bron: https://www.zotero.org/groups/4678659/items/DP3I4H4G
Referentie: WNT, n.d.
WNT: M004970
Geclassificeerd op: definitie"
activity,https://digitaalerfgoed.poolparty.biz/globalise/d662b133-55ee-4d23-b894-429797d368a4,collector,occupation reconciliation
activity,https://digitaalerfgoed.poolparty.biz/globalise/d8b15b44-32bc-4754-8847-d5a272f904d0,korporaal,"[GLOBALISE translation] [...] Name for the lowest grade soldier (now: rank) who can command a small detachment of soldiers, and who is therefore immediately above the common soldiers [...].

Cited from:
Source: https://www.zotero.org/groups/4678659/items/DP3I4H4G
Reference: <i>WNT</i>, n.d.
WNT: M035054
Classified by: definition"
activity,https://digitaalerfgoed.poolparty.biz/globalise/db07e028-e2e9-4c67-82a1-cd1b4be70271,busschieter,"[GLOBALISE translation] Cannoneer […].

Cited from:
Source: https://www.zotero.org/groups/4678659/items/DP3I4H4G
Reference: <i>WNT</i>, n.d.
WNT: M012436
Classified by: definition"
activity,https://digitaalerfgoed.poolparty.biz/globalise/db9bbcd7-2923-4bec-b8cf-a1a1ec86936a,krankbezoeker,"Ziekenbezoeker of lekelezer, assistent van de dominee onder meer belast met vertroosting van de zieken.

Geciteerd uit:
Bron: https://www.zotero.org/groups/4678659/items/6C4IC6AJ
Referentie: Marc Kooijmans en Judith Schooneveld-Oosterling. <i>VOC-Glossarium. Verklaringen van termen, verzameld uit de Rijks Geschiedkundige Publicatiën, die betrekking hebben op de Verenigde Oost-Indische Compagnie</i>. Den Haag: Instituut voor Nederlandse Geschiedenis, 2000. p. 64-65.
Geclassificeerd op: definitie
"
activity,https://digitaalerfgoed.poolparty.biz/globalise/dc30e609-09a1-4546-828e-61b9f3c2febd,klokmaker,https://www.zotero.org/groups/4678659/items/AWD4CT6L
activity,https://digitaalerfgoed.poolparty.biz/globalise/e0b79690-f507-4464-bb26-95fdf51b10e1,secunde,"[GLOBALISE translation] Head of trade and administration.

Cited from:
Source: https://www.zotero.org/groups/4678659/items/6C4IC6AJ/
Reference: Marc Kooijmans en Judith Schooneveld-Oosterling. <i>VOC-Glossarium. Verklaringen van termen, verzameld uit de Rijks Geschiedkundige Publicatiën, die betrekking hebben op de Verenigde Oost-Indische Compagnie</i>. The Hague: Instituut voor Nederlandse Geschiedenis, 2000. p. 103.
Classified by: definition"
activity,https://digitaalerfgoed.poolparty.biz/globalise/e1881ca2-a3c0-476d-8dd3-79a81123cc8a,resident (VOC),"[GLOBALISE translation] Member of the staff of a trading office of the Dutch East India Company in [Asia] [...].

Cited from:
Source: https://www.zotero.org/groups/4678659/items/DP3I4H4G
Reference: <i>WNT</i>, n.d.
WNT: M059224
Classified by: definition"
activity,https://digitaalerfgoed.poolparty.biz/globalise/e3792869-bdca-437e-9000-50a9e1bc32fa,konstabelsmaat,"[GLOBALISE translation] Non-commissioned officer who is next in rank to the master gunner.

Cited from:
Source: https://www.zotero.org/groups/4678659/items/DP3I4H4G
Reference: <i>WNT</i>, n.d.
WNT: M034807.re.7
Classified by: definition"
activity,https://digitaalerfgoed.poolparty.biz/globalise/e429bde3-ad17-4682-9741-46b06420536f,garnizoenschrijver,https://www.zotero.org/groups/4678659/items/VZET2HA6
activity,https://digitaalerfgoed.poolparty.biz/globalise/e44a66b8-6e1b-4834-ad36-51ed731494b6,kapitein van de burgerij,"[GLOBALISE translation] Commander of an armed civil guard, a citizen militia.

Cited from:
Source: https://www.zotero.org/groups/4678659/items/DP3I4H4G
Reference: <i>WNT</i>, n.d.
WNT: M030266
Classified by: definition"
activity,https://digitaalerfgoed.poolparty.biz/globalise/e4fc383c-d02f-4e8f-8b3c-5b055fb1e7c2,opperchirurgijn,"[GLOBALISE translation] As a title for the highest surgeon in a fleet; also on a ship, in a fortress, etc.

Cited from:
Source: https://www.zotero.org/groups/4678659/items/DP3I4H4G
Reference: <i>WNT</i>, n.d.
WNT: M049054.re.86
Classified by: definition"
activity,https://digitaalerfgoed.poolparty.biz/globalise/e95f5351-eda9-40cd-b665-ee7f9ce79246,huistimmerman,"[GLOBALISE translation] Carpenter who is engaged in building houses, as opposed to the ship's carpenter.

Paraphrased from:
Source: https://www.zotero.org/groups/4678659/items/DP3I4H4G
Reference: <i>WNT</i>, n.d.
WNT: M026850.re.461
Classified by: definition"
activity,https://digitaalerfgoed.poolparty.biz/globalise/e9dc5116-5967-419b-9453-88478923d96a,Schrijver,"A class of mayoraal. The writer or registrar... Lianno is the clerk or scribe of the village etc. 

Cited from:
Source: https://www.zotero.org/groups/4678659/items/RCJ3DMHP 
Reference: Mottau, S.A.W. 'Glossary of Terms used in Official Correspondence of the Government of Sri Lanka compiled from Records at the National Archives.' The Sri Lanka National Archives, vol. 3 (1985 to 1986), pp. 114.
Classified on: Definition"
activity,https://digitaalerfgoed.poolparty.biz/globalise/ea6c076e-60fb-4882-88e3-aa4a82192142,enseur,https://www.zotero.org/groups/4678659/items/AWD4CT6L
activity,https://digitaalerfgoed.poolparty.biz/globalise/eb1c656e-27e0-4a04-b92f-5c0bd4dd2eff,dispensier,"[GLOBALISE translation] Manager of the provision warehouse.

Cited from:
Source: https://www.zotero.org/groups/4678659/items/6C4IC6AJ/
Reference: Marc Kooijmans en Judith Schooneveld-Oosterling. <i>VOC-Glossarium. Verklaringen van termen, verzameld uit de Rijks Geschiedkundige Publicatiën, die betrekking hebben op de Verenigde Oost-Indische Compagnie</i>. The Hague: Instituut voor Nederlandse Geschiedenis, 2000. p. 39.
Classified by: definition"
activity,https://digitaalerfgoed.poolparty.biz/globalise/eb4c2b70-760f-4b99-bbda-d5fa6c9a4131,jong tolk,
activity,https://digitaalerfgoed.poolparty.biz/globalise/ec381ba0-a714-44dc-aff8-c306cffb4028,cipier,"[GLOBALISE translation] Prison guard.

Cited from:
Source: https://www.zotero.org/groups/4678659/items/DP3I4H4G
Reference: <i>WNT</i>, n.d.
WNT: M012712
Classified by: definition"
activity,https://digitaalerfgoed.poolparty.biz/globalise/ec980f32-85f4-490d-a939-add0a077ad3e,opperstuurman,"[GLOBALISE translation] [Comp.] Highest-ranking helmsman [...]. The first helmsman [the chief helmsman] is next in rank to the captain (skipper), who [...] [the chief helmsman] replaces when necessary and whose responsibility [...] [the chief helmsman] shares in some matters.

Cited from:
Source: https://www.zotero.org/groups/4678659/items/DP3I4H4G
Reference: <i>WNT</i>, n.d.
Opperstuurman: M049054.re.310 WNT
Stuurman: M067274 WNT
Classified by: definition"
activity,https://digitaalerfgoed.poolparty.biz/globalise/ed75fe1e-4fd3-48e0-b3ad-15153f9ac3a3,vuurwerker,"[GLOBALISE translation] [Comp.] A person who makes fireworks: objects filled with explosive, flammable or luminous substances used during a war for igniting charges, to light fires, to illuminate or to signal.

Paraphrased from:
Source: https://www.zotero.org/groups/4678659/items/DP3I4H4G
Reference: <i>WNT</i>, n.d.
Vuurwerker: M083160 WNT
Vuurwerk: M083159 WNT
Classified by: definition"
activity,https://digitaalerfgoed.poolparty.biz/globalise/ef320306-2ff7-4858-9906-fa19781d26fc,vaandrig van de burgerij,"[GLOBALISE translation][comp.] [ensign: young officer, often of good standing, who carried the company standard] [at a] rmed civil guard, a citizen militia.


Geciteerd uit:
Source: https://www.zotero.org/groups/4678659/items/DP3I4H4G
Reference: <i>WNT</i>, n.d.
WNT: M072982
Classified on: definition

Source: https://www.zotero.org/groups/4678659/items/DP3I4H4G
Reference: <i>WNT</i>, n.d.
WNT: M030266"
activity,https://digitaalerfgoed.poolparty.biz/globalise/f19bb176-6825-4e84-ba39-43d86b9ba3a6,kapitein,"[GLOBALISE translation] A commander or leader of a troop of soldiers or an army. This can be on land or on water. In the latter case, it can also mean a commander of a warship.

Paraphrased from:
Source: https://www.zotero.org/groups/4678659/items/DP3I4H4G
Reference: <i>WNT</i>, n.d.
WNT: M030266
Classified by: definition"
activity,https://digitaalerfgoed.poolparty.biz/globalise/f20b45b7-c87d-4f92-813d-a3159797c4ba,kwartiermeester,"[GLOBALISE translation] [...] The commander of a quarter of the ship's crew [...].

Cited from:
Source: https://www.zotero.org/groups/4678659/items/DP3I4H4G
Reference: <i>WNT</i>, n.d.
WNT: M035962
Classified by: definition"
activity,https://digitaalerfgoed.poolparty.biz/globalise/f21d8412-37fc-4779-a9d6-03067227fecf,Militaire officieren,"[GLOBALISE translation] Anyone who holds a rank or degree, either in the fleet or in the army, and is thereby distinguished from the common (i.e. ordinary) soldier.

Cited from:
Source: https://www.zotero.org/groups/4678659/items/DP3I4H4G
Reference: <i>WNT</i>, n.d.
WNT: M041536
Classified by: definition"
activity,https://digitaalerfgoed.poolparty.biz/globalise/f2274cd6-e9ce-4425-b869-a75c71fbadf3,pakhuismedewerker,Someone who works in a warehouse.
activity,https://digitaalerfgoed.poolparty.biz/globalise/f43aa385-f65d-4598-bbb0-c9d34a03985a,secretaris,"[GLOBALISE translation] Someone who conducts or directs correspondence, drafts documents, etc. for another or for a body.

Cited from:
Source: https://www.zotero.org/groups/4678659/items/DP3I4H4G
Reference: <i>WNT</i>, n.d.
WNT: M063424
Classified by: definition"
activity,https://digitaalerfgoed.poolparty.biz/globalise/f4d248d5-a908-49aa-9cfa-229fed18102b,opziener,"[GLOBALISE translation] [...] An official or servant charged with the supervision of something. [...] Also specifically as a title for some higher officials, while supervisor is used for lower officials.

Cited from:
Source: https://www.zotero.org/groups/4678659/items/DP3I4H4G
Reference: <i>WNT</i>, n.d.
WNT: M049740
Classified by: definition"
activity,https://digitaalerfgoed.poolparty.biz/globalise/f5a5e736-fe6d-4a1e-aa21-64cf6b476404,oppermandoer,"De mandoer die het hoogst in rang staat.

Geparafraseerd uit:
Bron: https://www.zotero.org/groups/4678659/items/DP3I4H4G
Referentie: <i>WNT</i>, n.d.
WNT: M049054
Geclassificeerd op: definitie"
activity,https://digitaalerfgoed.poolparty.biz/globalise/f5b1e0e2-283c-4e1b-8d79-db9de1eb4255,hoofd van de militie,"[GLOBALISE translation] The person in authority over the military. It was their duty to maintain good order in the guard duty, the weapons, the ammunition and the discipline of the military.

Paraphrased from:
Source: https://www.zotero.org/groups/4678659/items/IBZ39RG3
Reference: Frank Lequin, Het personeel van de Verenigde Oost-Indische Compagnie in Azië in de 18e eeuw, meer in het bijzonder in de vestiging Bengalen (second edition; Alphen aan den Rijn 2005) 157. 
Classified by: definition"
activity,https://digitaalerfgoed.poolparty.biz/globalise/f6ecd974-64da-485b-ba23-0adaea6ea8e5,zadelmaker,"[GLOBALISE translation] A person who makes and repairs horse saddles and harnesses, especially the leatherwork thereof.

Cited from:
Source: https://www.zotero.org/groups/4678659/items/DP3I4H4G
Reference: <i>WNT</i>, n.d.
WNT: M087790
Classified by: definition"
activity,https://digitaalerfgoed.poolparty.biz/globalise/f87ed384-7c23-474a-988b-8fc6f4264ff3,,
activity,https://digitaalerfgoed.poolparty.biz/globalise/f8f017f6-94aa-4e6d-be36-2276959d43ed,baas der wapenkamer,"[comp.]

Beheerder of leidinggevende van de wapenkamer, een arsenaal of plek waar wapens worden bewaard.

Geparafraseerd uit:
Bron: https://www.zotero.org/groups/4678659/items/DP3I4H4G
Referentie: WNT, n.d.
WNT: M083828
Geclassificeerd op: definitie"
activity,https://digitaalerfgoed.poolparty.biz/globalise/fbeae263-15c8-4847-a226-2c6e085e7ea8,Metselaar,Bricklayer [Globalise Definition]
activity,https://digitaalerfgoed.poolparty.biz/globalise/fd2f20a7-7793-4c80-aea2-d5f6cacfffd9,Voormalig werknemer,
activity,https://digitaalerfgoed.poolparty.biz/globalise/ff56c718-cfee-4c2c-afdd-ebb691bbc572,meesterknecht der metselaars,https://www.zotero.org/groups/4678659/items/AWD4CT6L
activityType,https://digitaalerfgoed.poolparty.biz/globalise/225cef07-5b8e-4a8b-a141-2471a0cffce8,Occupation,
activityType,https://digitaalerfgoed.poolparty.biz/globalise/b02a06d5-9003-4521-8021-24e451d49948,metadatafunctie,applied to the naamboekjes metadatafunction column
activityType,https://digitaalerfgoed.poolparty.biz/globalise/d4e41e03-63a4-4673-b711-a699624f5a04,functiegroep,applied to the functiongroup column in the naamboekjes dataset
identity,https://digitaalerfgoed.poolparty.biz/globalise/55baeba7-b3ec-4d2c-8488-df35aa1cbf18,Toepas,"The Topasses of southern India, Ceylon and Timor [...] were often of purely ‘Asian’ descent but baptized and Lusified to a certain extent. They were closely associated with the Portuguese by the Dutch and in fact often included in the term ‘Portuguese’.

Cited from:
Source: Kruijtzer, Gijs. 2008. “European Migration in the Dutch Sphere.” In Dutch Colonialism, Migration and Cultural Heritage, edited by Gert Oostindie. Leiden: KITLV Press. p. 131.
Reference: https://www.zotero.org/groups/4678659/items/KVXULMML
pp. 131

The definition’s sources have the geographical scope of Dutch Empire and the temporal scope of 1500 - 1950."
identity,https://digitaalerfgoed.poolparty.biz/globalise/603c3cc7-05ea-4964-98e9-be7bc0b955d6,Jood,"A member of the people and cultural community whose traditional religion is Judaism and who trace their origins to the ancient Hebrew people of Israel. [...]

Cited from:
Source: Knowles, Elizabeth M. 2000. The Oxford Dictionary of Phrase and Fable. Oxford. p. 537.
Reference: https://www.zotero.org/groups/4678659/items/JPFTCEZ8
pp. 537"
identity,https://digitaalerfgoed.poolparty.biz/globalise/78f5d9a4-f087-42c3-bb5e-1493f5ffa42f,Mixties [PROBLEMATIC TERM],"[DEFINITION] This term indicates individuals of mixed European and Asian parentage, usually those born from unions between a European and a Eurasian. [SENSITIVITY] This category reflected and imposed a classification system of people based on blood and racial differences. [CONTEXT] According to Gijs Kruijtzer, it was among the numerous terms used by the Dutch to categorise people of mixed descents based on ""different grades of 'European-ness'"".

Paraphrased from:
Source: Meersbergen, Guido van. 2022. Ethnography and Encounter: The Dutch and English in Seventeenth-Century South Asia. European Expansion and Indigenous Response, volume 35. Leiden: Brill. p. xvii.
Reference: https://www.zotero.org/groups/4678659/items/S5L3VNNR
pp. xvii

Source: Kruijtzer, Gijs. 2008. “European Migration in the Dutch Sphere.” In Dutch Colonialism, Migration and Cultural Heritage, edited by Gert Oostindie. Leiden: KITLV Press. p. 129.
Reference:  https://www.zotero.org/groups/4678659/items/KVXULMML
pp.  129

The definition’s sources have the geographical scope of South Asia and Dutch Empire and the temporal scope of 1500 - 1950."
identity,https://digitaalerfgoed.poolparty.biz/globalise/8fa3d88a-021c-4976-ab8e-1773b93889fe,Inlander [PROBLEMATIC TERM],"[DEFINITION] ""Inlander"" generally means a person belonging to a country itself in contrast to a foreigner; in colonial contexts, it can be understood as indicating the indigenous peoples of the lands where Europeans arrive at, in contrast to the European settlers. According to Bosma & Raben, the label ""inlanders"" was used to denote Asians in 17th- and 18th-century Batavia. In this historical context, according to Hendrik Niemeijer, ""inlanders"" was applied mainly to the 'mardijkers' rather than to the local inhabitants of the Indonesian Archipelago. [SENSITIVITY] According to the publication Words Matter, this category was part of a ""race-based system"" used by the Dutch to differentiate between peoples in the colony. It is an outdated term that should be avoided in present day. [CONTEXT] In 17th- and 18th-century Batavia, people categorised as ""inlander"" often received poorer treatment from the church compared to those categorised as ""Europeans"" and ""Mestizos"". According to Raben, although the church proclaimed a willingness to welcome all Christians equally, such categories in contrast had the effect of separating Asian Christians from European Christians, thus deepening the ethnic and social divisions in Batavia.

Paraphrased from:
Source: Vries, M. de, and L.A. Te Winkel. 2007. Woordenboek Der Nederlandsche Taal - WNT. Online edition. Leiden: Instituut voor de Nederlandse Taal. gtb.ivdnt.org. M027734.
Reference: https://www.zotero.org/groups/4678659/items/DP3I4H4G
pp. M027734

Source: Bosma, Ulbe, and Remco Raben. 2008. Being “Dutch” in the Indies: A History of Creolisation and Empire, 1500-1920. Translated by Wendie Shaffer. Singapore: NUS Press. p. 50.
Reference:  https://www.zotero.org/groups/4678659/items/4MYGTRMC
pp.  50

Source: Niemeijer, Hendrik E. 2016. Batavia. De Samenleving van Batavia in de 17de Eeuw. Amsterdam: Uitgeverij Balans. Chapter 2.
Reference:  https://www.zotero.org/groups/4678659/items/2L2QHA4K
pp.  Chapter 2

Source: Modest, Wayne, and Robin Lelijveld. 2018. Woorden doen ertoe, Een incomplete gids voor woordkeuze in de culturele sector. Wormerveer: Tropenmuseum, Afrika Museum, Museum Volkenkunde and Wereldmuseum. https://amsterdam.wereldmuseum.nl/en/about-wereldmuseum-amsterdam/research/words-matter-publication. p. 120.
Reference:  https://www.zotero.org/groups/4678659/items/CWDVL2I5
pp.  120

Source: Raben, Remco. 1996. “Batavia and Colombo: The Ethnic and Spacial Order of Two Colonial Cities, 1600-1800.” Doctoral Thesis, Leiden: Leiden University. p. 276-277.
Reference:  https://www.zotero.org/groups/4678659/items/SZMHZUUM
pp.  276-277

The definition’s source(s) (WNT) and (Words Matter) do/does not indicate a specific scope. The other sources have the geographical scope of Dutch East Indies, Jakarta, and Jakarta and Colombo and the temporal scope of 1500 - 1920."
identity,https://digitaalerfgoed.poolparty.biz/globalise/99487af7-f3fe-4f91-8592-7d9561072c62,Europees,"This term can be understood as a demonym for Europe. At the same time, in colonial contexts, 'European' can also be understood as a status with wider meaning. According to Bosma and Raben, this term indicates individuals who were categorised by colonial law as member of the European legal body. As noted by Hanneke Lommerse, ""Europeanized"" Eurasians and sometimes also Asians could fall into this 'European' category. According to Deborah Hamer, 'European status' could be acquired through marriage or conversion to Christianity, thus obscuring the boundary between 'European' and 'non-European'.

Paraphrased from:
Source: Bosma, Ulbe, and Remco Raben. 2008. Being “Dutch” in the Indies: A History of Creolisation and Empire, 1500-1920. Translated by Wendie Shaffer. Singapore: NUS Press. p. 345.
Reference: https://www.zotero.org/groups/4678659/items/4MYGTRMC
pp. 345

Source: Lommerse, Hanneke. 2008. “Population Figures.” In Dutch Colonialism, Migration and Cultural Heritage, 315–42. Brill. https://brill.com/display/book/edcoll/9789004253889/B9789004253889-s008.xml. p. 315.
Reference:  https://www.zotero.org/groups/4678659/items/2UJIB4JE
pp.  315

Source: Hamer, Deborah. 2017. “Marriage and the Construction of Colonial Order: Jurisdiction, Gender and Class in Seventeenth-Century Dutch Batavia.” Gender & History 29 (3): 622–40. https://doi.org/10.1111/1468-0424.12316. p. 623.
Reference:  https://www.zotero.org/groups/4678659/items/CD5943TQ
pp.  623

The definition’s sources have the geographical scope of Dutch East Indies, Dutch Empire, and Jakarta and the temporal scope of 1500 - 1950."
identity,https://digitaalerfgoed.poolparty.biz/globalise/a53104b8-a867-48cd-90e8-369979ed1e5a,man,Applied to the gender 'M' in resilient diversity (https://www.zotero.org/groups/4678659/items/DRGA8PZF)
identity,https://digitaalerfgoed.poolparty.biz/globalise/cf7d2acc-1e53-44d3-ae67-b10de43bdf71,woman,Applied to the gender 'V' in resilient diversity (https://www.zotero.org/groups/4678659/items/DRGA8PZF)
identityType,https://digitaalerfgoed.poolparty.biz/globalise/8350c460-ad49-40c8-9e9e-987fb30ff176,ethniciteitscategorie,"A collective identity marker; a social category usually built upon and delineated by markers of membership that describe not only who one is but also who one is not. Ethnic identities can constitute self-identification by in-group members, but can also be categories ascribed by out-group actors. The shared characteristics, on the basis of which ethnic categories were recognised, could include a shared language, place of origin, status, custom, nation, or physical characteristics such as skin colour and descent, among others.

Paraphrased from:

Source: https://www.zotero.org/groups/4678659/items/5SD647NI; https://www.zotero.org/groups/4678659/items/S5L3VNNR; https://www.zotero.org/groups/4678659/items/92A584Z6.
Reference: Hussain, Serena. “Identity Categories and Colonial Legacies in the British Urban Space.” Social Identities 30, no. 3 (May 3, 2024): 190–208; Meersbergen, Guido van. Ethnography and Encounter: The Dutch and English in Seventeenth-Century South Asia. Leiden: Brill, 2022; Lyna, Dries, and Luc Bulten. “Classifications at Work: Social Categories and Dutch Bureaucracy in Colonial Sri Lanka.” Itinerario 45, no. 2 (August 2021): 252–78.
pp. 193; 10; 258-270
The definition’s sources have the geographical scope of United Kingdom, South Asia, Sri Lanka, and the temporal scope of 1600-2021."
identityType,https://digitaalerfgoed.poolparty.biz/globalise/bfd9751f-b665-48bc-99e6-6a9b89e22e85,assigned gender,Used for the 'female' gender in the VOC opvarenden cases where the VOC identified one of their male-performing employees the female gender.
locationRelation,https://digitaalerfgoed.poolparty.biz/globalise/8439514a-64bf-4f0b-8f7a-e8ac515d17df,place of origin,applied to the 'Herkomst' column of resilient diversity (https://www.zotero.org/groups/4678659/items/DRGA8PZF)
locationRelation,https://digitaalerfgoed.poolparty.biz/globalise/f7708a18-d120-486f-a366-a7273214e0db,woonplaats,applied to the 'Woonplaats' column of resilient diversity (https://www.zotero.org/groups/4678659/items/DRGA8PZF)
relation,https://d-nb.info/standards/elementset/agrelon#hasspouse,has spouse,This person was married to the other person.
